section,category,templates,routes,Home,Product Feature,Product Spyder,Product Lens,Developer Api,Developer Mcp,Mobile App,Paid Landing,Apps Extensions,Chrome Extension,Pricing,Pre Black Friday,Book Demo,Watch Demo,Application Form,Work With,Agency Directory,Affiliates,Fireside,Bounties Index,Experts Index,Reviews,Contest,Contest Submission,Blog Index,Faq Index,Careers Index,Creative Strategist Jobs,Media Kit,Jumpstart,Ships,Fireside Replays,Post,Expert,Faq Item,Author,Event,Agency,Video,Category,Comparison,Industry,Legal Page,Career,University Landing,University Course,Bounty,Not Found
shell.exit-intent-modal,SHELL,48,506,x,x,x,x,x,x,x,x,x,x,x,x,x,x,x,x,x,x,x,x,x,x,x,x,x,x,x,x,x,x,x,x,x,x,x,x,x,x,x,x,x,x,x,x,x,x,x,x
shell.navbar,SHELL,48,506,x,x,x,x,x,x,x,x,x,x,x,x,x,x,x,x,x,x,x,x,x,x,x,x,x,x,x,x,x,x,x,x,x,x,x,x,x,x,x,x,x,x,x,x,x,x,x,x
shell.footer,SHELL,47,505,x,x,x,x,x,x,x,,x,x,x,x,x,x,x,x,x,x,x,x,x,x,x,x,x,x,x,x,x,x,x,x,x,x,x,x,x,x,x,x,x,x,x,x,x,x,x,x
conversion.cta-final,CONVERSION,25,475,x,x,x,,,,,,,,x,,,,,x,,,x,,x,x,,,x,x,,x,,,,x,x,x,x,x,x,x,x,x,x,x,,,x,x,x,
nav.breadcrumb,NAV,8,348,,,,,,,,,,,,,,,,,,,,,,,,,,,,,,,,x,x,,x,x,x,x,,,,,,x,,,x,
hero.blog-top,HERO,7,322,,,,,,,,,,,,,,,,,,,,,,,,,,,,,,,,x,x,,x,x,x,,,,,,,x,,,x,
content.article,CONTENT,1,182,,,,,,,,,,,,,,,,,,,,,,,,,,,,,,,,,x,,,,,,,,,,,,,,,
content.author-row,CONTENT,1,182,,,,,,,,,,,,,,,,,,,,,,,,,,,,,,,,,x,,,,,,,,,,,,,,,
content.related-carousel,CONTENT,1,182,,,,,,,,,,,,,,,,,,,,,,,,,,,,,,,,,x,,,,,,,,,,,,,,,
content.expert-more,CONTENT,1,67,,,,,,,,,,,,,,,,,,,,,,,,,,,,,,,,,,x,,,,,,,,,,,,,,
hero.expert-profile,HERO,1,67,,,,,,,,,,,,,,,,,,,,,,,,,,,,,,,,,,x,,,,,,,,,,,,,,
content.post-grid,CONTENT,4,60,,,,,,,,,,,,,,,,,,,,,,,,,x,,,x,,,,,,,,x,,,,x,,,,,,,,
content.replay-list,CONTENT,2,44,,,,,,,,,,,,,,,,,,,,,,,,,,,,,,,,x,,,,x,,,,,,,,,,,,
content.event-body,CONTENT,1,27,,,,,,,,,,,,,,,,,,,,,,,,,,,,,,,,,,,,,x,,,,,,,,,,,
content.event-more,CONTENT,1,27,,,,,,,,,,,,,,,,,,,,,,,,,,,,,,,,,,,,,x,,,,,,,,,,,
content.agency-profile,CONTENT,1,26,,,,,,,,,,,,,,,,,,,,,,,,,,,,,,,,,,,,,,x,,,,,,,,,,
hero.centered,HERO,3,17,,,,,,,,,,,,,,,,,,,,,,,,,,,x,x,,,,,,,,,,,,x,,,,,,,,
interactive.product-tabs-5,INTERACTIVE,2,16,,,,,,,,,,,,,,,,,,,,,,,,,,,,,,,,,,,,,,,,,x,x,,,,,,
hero.video,HERO,1,16,,,,,,,,,,,,,,,,,,,,,,,,,,,,,,,,,,,,,,,x,,,,,,,,,
content.security-grid,CONTENT,5,14,x,,x,x,,,,,x,,,,,,,,,,,,,,,,,,,,,,,,,,,,,,,,x,,,,,,,
content.comparison-table,CONTENT,1,10,,,,,,,,,,,,,,,,,,,,,,,,,,,,,,,,,,,,,,,,,x,,,,,,,
hero.comparison,HERO,1,10,,,,,,,,,,,,,,,,,,,,,,,,,,,,,,,,,,,,,,,,,x,,,,,,,
overlay.psa-sticky,OVERLAY,1,10,,,,,,,,,,,,,,,,,,,,,,,,,,,,,,,,,,,,,,,,,x,,,,,,,
pricing.comparison-pricing,PRICING,1,10,,,,,,,,,,,,,,,,,,,,,,,,,,,,,,,,,,,,,,,,,x,,,,,,,
social-proof.comparison-reviews,SOCIAL-PROOF,1,10,,,,,,,,,,,,,,,,,,,,,,,,,,,,,,,,,,,,,,,,,x,,,,,,,
content.faq,CONTENT,7,9,,x,x,,x,x,,,,,x,x,,,,,,x,,,,,,,,,,,,,,,,,,,,,,,,,,,,,,
content.industry-examples,CONTENT,1,6,,,,,,,,,,,,,,,,,,,,,,,,,,,,,,,,,,,,,,,,,,x,,,,,,
hero.industry,HERO,1,6,,,,,,,,,,,,,,,,,,,,,,,,,,,,,,,,,,,,,,,,,,x,,,,,,
social-proof.industry-testimonials,SOCIAL-PROOF,1,6,,,,,,,,,,,,,,,,,,,,,,,,,,,,,,,,,,,,,,,,,,x,,,,,,
conversion.cta-banner,CONVERSION,3,5,,x,x,x,,,,,,,,,,,,,,,,,,,,,,,,,,,,,,,,,,,,,,,,,,,,
hero.product,HERO,3,5,,x,x,x,,,,,,,,,,,,,,,,,,,,,,,,,,,,,,,,,,,,,,,,,,,,
content.legal-richtext,CONTENT,1,5,,,,,,,,,,,,,,,,,,,,,,,,,,,,,,,,,,,,,,,,,,,x,,,,,
hero.legal-title,HERO,1,5,,,,,,,,,,,,,,,,,,,,,,,,,,,,,,,,,,,,,,,,,,,x,,,,,
content.feature-section,CONTENT,2,4,,x,x,,,,,,,,,,,,,,,,,,,,,,,,,,,,,,,,,,,,,,,,,,,,,
content.solution-cards,CONTENT,2,4,,x,x,,,,,,,,,,,,,,,,,,,,,,,,,,,,,,,,,,,,,,,,,,,,,
interactive.product-tabs,INTERACTIVE,2,4,,x,x,,,,,,,,,,,,,,,,,,,,,,,,,,,,,,,,,,,,,,,,,,,,,
hero.gradient,HERO,3,3,,,,,,,,x,,,,,,,,,,,,,,,,,x,x,,,,,,,,,,,,,,,,,,,,,,
hero.page,HERO,3,3,,,,,,,,,,,,,,,,,,x,x,x,,,,,,,,,,,,,,,,,,,,,,,,,,,,
hero.product-shell,HERO,3,3,,,,,x,x,x,,,,,,,,,,,,,,,,,,,,,,,,,,,,,,,,,,,,,,,,,
social-proof.ratings-wall,SOCIAL-PROOF,2,3,,,,,,,,,,,,,x,,,x,,,,,,,,,,,,,,,,,,,,,,,,,,,,,,,,
content.career-body,CONTENT,1,3,,,,,,,,,,,,,,,,,,,,,,,,,,,,,,,,,,,,,,,,,,,,x,,,,
interactive.product-carousel,INTERACTIVE,1,3,,x,,,,,,,,,,,,,,,,,,,,,,,,,,,,,,,,,,,,,,,,,,,,,,
content.image-step-cards,CONTENT,2,2,,,,,,,,,,,,,,,,,,x,x,,,,,,,,,,,,,,,,,,,,,,,,,,,,,
content.media-rows,CONTENT,2,2,,,,,x,x,,,,,,,,,,,,,,,,,,,,,,,,,,,,,,,,,,,,,,,,,,
content.mobile-app-features,CONTENT,2,2,,,,,,,x,x,,,,,,,,,,,,,,,,,,,,,,,,,,,,,,,,,,,,,,,,
content.split-sections,CONTENT,2,2,,,,,,,,,,,,,,,,,,,,,,,,,,,,,,,,,,,,,,,,,,,,,x,x,,
hero.contest,HERO,2,2,,,,,,,,,,,,,,,,,,,,,,,x,x,,,,,,,,,,,,,,,,,,,,,,,,
hero.university,HERO,2,2,,,,,,,,,,,,,,,,,,,,,,,,,,,,,,,,,,,,,,,,,,,,,x,x,,
pricing.api-credits,PRICING,2,2,,,,,x,,,,,,,x,,,,,,,,,,,,,,,,,,,,,,,,,,,,,,,,,,,,
content.not-found,CONTENT,1,2,,,,,,,,,,,,,,,,,,,,,,,,,,,,,,,,,,,,,,,,,,,,,,,,x
content.work-best,CONTENT,1,2,,,,,,,,,,,,,,,,x,,,,,,,,,,,,,,,,,,,,,,,,,,,,,,,,
form.embed-application,FORM,1,2,,,,,,,,,,,,,,,x,,,,,,,,,,,,,,,,,,,,,,,,,,,,,,,,,
form.work-hero,FORM,1,2,,,,,,,,,,,,,,,,x,,,,,,,,,,,,,,,,,,,,,,,,,,,,,,,,
content.agency-directory,CONTENT,1,1,,,,,,,,,,,,,,,,,x,,,,,,,,,,,,,,,,,,,,,,,,,,,,,,,
content.before-after,CONTENT,1,1,x,,,,,,,,,,,,,,,,,,,,,,,,,,,,,,,,,,,,,,,,,,,,,,,
content.bounty-detail,CONTENT,1,1,,,,,,,,,,,,,,,,,,,,,,,,,,,,,,,,,,,,,,,,,,,,,,,x,
content.bounty-list,CONTENT,1,1,,,,,,,,,,,,,,,,,,,,x,,,,,,,,,,,,,,,,,,,,,,,,,,,,
content.ce-install-guide,CONTENT,1,1,,,,,,,,,,x,,,,,,,,,,,,,,,,,,,,,,,,,,,,,,,,,,,,,,
content.collaboration,CONTENT,1,1,x,,,,,,,,,,,,,,,,,,,,,,,,,,,,,,,,,,,,,,,,,,,,,,,
content.contest-faq,CONTENT,1,1,,,,,,,,,,,,,,,,,,,,,,,,x,,,,,,,,,,,,,,,,,,,,,,,,
content.contest-finalists,CONTENT,1,1,,,,,,,,,,,,,,,,,,,,,,,x,,,,,,,,,,,,,,,,,,,,,,,,,
content.contest-sponsors,CONTENT,1,1,,,,,,,,,,,,,,,,,,,,,,,x,,,,,,,,,,,,,,,,,,,,,,,,,
content.contest-submission-grid,CONTENT,1,1,,,,,,,,,,,,,,,,,,,,,,,,x,,,,,,,,,,,,,,,,,,,,,,,,
content.experts-directory,CONTENT,1,1,,,,,,,,,,,,,,,,,,,,,x,,,,,,,,,,,,,,,,,,,,,,,,,,,
content.faq-list,CONTENT,1,1,,,,,,,,,,,,,,,,,,,,,,,,,,x,,,,,,,,,,,,,,,,,,,,,,
content.jobs-list,CONTENT,1,1,,,,,,,,,,,,,,,,,,,,,,,,,,,x,,,,,,,,,,,,,,,,,,,,,
content.jumpstart-offer,CONTENT,1,1,,,,,,,,,,,,,,,,,,,,,,,,,,,,,,x,,,,,,,,,,,,,,,,,,
content.lens-contextual-block,CONTENT,1,1,,,,x,,,,,,,,,,,,,,,,,,,,,,,,,,,,,,,,,,,,,,,,,,,,
content.lens-enrichment,CONTENT,1,1,,,,x,,,,,,,,,,,,,,,,,,,,,,,,,,,,,,,,,,,,,,,,,,,,
content.lens-solution-block,CONTENT,1,1,,,,x,,,,,,,,,,,,,,,,,,,,,,,,,,,,,,,,,,,,,,,,,,,,
content.product-showcase,CONTENT,1,1,x,,,,,,,,,,,,,,,,,,,,,,,,,,,,,,,,,,,,,,,,,,,,,,,
content.ships-grid,CONTENT,1,1,,,,,,,,,,,,,,,,,,,,,,,,,,,,,,,x,,,,,,,,,,,,,,,,,
content.university-curriculum,CONTENT,1,1,,,,,,,,,,,,,,,,,,,,,,,,,,,,,,,,,,,,,,,,,,,,,,x,,
hero.booking,HERO,1,1,,,,,,,,,,,,,x,,,,,,,,,,,,,,,,,,,,,,,,,,,,,,,,,,,
hero.demo-video,HERO,1,1,,,,,,,,,,,,,,x,,,,,,,,,,,,,,,,,,,,,,,,,,,,,,,,,,
hero.directory,HERO,1,1,,,,,,,,,,,,,,,,,x,,,,,,,,,,,,,,,,,,,,,,,,,,,,,,,
hero.home,HERO,1,1,x,,,,,,,,,,,,,,,,,,,,,,,,,,,,,,,,,,,,,,,,,,,,,,,
hero.jumpstart,HERO,1,1,,,,,,,,,,,,,,,,,,,,,,,,,,,,,,x,,,,,,,,,,,,,,,,,,
hero.media-kit,HERO,1,1,,,,,,,,,,,,,,,,,,,,,,,,,,,,,x,,,,,,,,,,,,,,,,,,,
hero.product-content,HERO,1,1,,,,,,,,,x,,,,,,,,,,,,,,,,,,,,,,,,,,,,,,,,,,,,,,,
hero.promo,HERO,1,1,,,,,,,,,,,,x,,,,,,,,,,,,,,,,,,,,,,,,,,,,,,,,,,,,
hero.section-head,HERO,1,1,,,,,,,,,,,,,,,,,,,,,,x,,,,,,,,,,,,,,,,,,,,,,,,,,
hero.ships,HERO,1,1,,,,,,,,,,,,,,,,,,,,,,,,,,,,,,,x,,,,,,,,,,,,,,,,,
hero.split-video,HERO,1,1,,,,,,,,,,,,,,,,,,,,,x,,,,,,,,,,,,,,,,,,,,,,,,,,,
interactive.lens-integrations,INTERACTIVE,1,1,,,,x,,,,,,,,,,,,,,,,,,,,,,,,,,,,,,,,,,,,,,,,,,,,
pricing.compare-table,PRICING,1,1,,,,,,,,,,,x,,,,,,,,,,,,,,,,,,,,,,,,,,,,,,,,,,,,,
pricing.plans,PRICING,1,1,,,,,,,,,,,x,,,,,,,,,,,,,,,,,,,,,,,,,,,,,,,,,,,,,
social-proof.logo-strip,SOCIAL-PROOF,1,1,,,,,,,,,,,,,,,,,,,,,,,,,,,,,,x,,,,,,,,,,,,,,,,,,
social-proof.senja-wall,SOCIAL-PROOF,1,1,,,,,,,,,,,,,,,,,,,,,,x,,,,,,,,,,,,,,,,,,,,,,,,,,
ROUTE COUNT,,,506,1,3,1,1,1,1,1,1,1,1,1,1,1,1,2,2,1,1,1,1,1,1,1,1,1,1,1,1,1,1,1,1,182,67,65,43,27,26,16,15,10,6,5,3,1,1,1,2